source_year,rank,list_title,book_url,source
1975,1,’Salem’s Lot,https://www.goodreads.com/book/show/11590._Salem_s_Lot,Goodreads Popular by Year
1975,2,Tuck Everlasting,https://www.goodreads.com/book/show/84981.Tuck_Everlasting,Goodreads Popular by Year
1975,3,"Shōgun (Asian Saga, #1)",https://www.goodreads.com/book/show/52382796-sh-gun,Goodreads Popular by Year
1975,4,Factotum,https://www.goodreads.com/book/show/497199.Factotum,Goodreads Popular by Year
1975,5,Discipline and Punish: The Birth of the Prison,https://www.goodreads.com/book/show/80369.Discipline_and_Punish,Goodreads Popular by Year
1975,6,"Crocodile on the Sandbank (Amelia Peabody, #1)",https://www.goodreads.com/book/show/40881649-crocodile-on-the-sandbank,Goodreads Popular by Year
1975,7,Forever...,https://www.goodreads.com/book/show/37743.Forever_,Goodreads Popular by Year
1975,8,"Where Are the Children? (Where Are the Children, #1)",https://www.goodreads.com/book/show/43339.Where_Are_the_Children_,Goodreads Popular by Year
1975,9,The Miracle of Mindfulness: An Introduction to the Practice of Meditation,https://www.goodreads.com/book/show/95747.The_Miracle_of_Mindfulness,Goodreads Popular by Year
1975,10,Danny the Champion of the World,https://www.goodreads.com/book/show/6690.Danny_the_Champion_of_the_World,Goodreads Popular by Year
1976,1,"Interview with the Vampire (The Vampire Chronicles, #1)",https://www.goodreads.com/book/show/43763.Interview_with_the_Vampire,Goodreads Popular by Year
1976,2,The Selfish Gene,https://www.goodreads.com/book/show/61535.The_Selfish_Gene,Goodreads Popular by Year
1976,3,Children of Dune (Dune #3),https://www.goodreads.com/book/show/44492286-children-of-dune,Goodreads Popular by Year
1976,4,Roots: The Saga of an American Family,https://www.goodreads.com/book/show/546018.Roots,Goodreads Popular by Year
1976,5,"Roll of Thunder, Hear My Cry (Logans, #4)",https://www.goodreads.com/book/show/310459.Roll_of_Thunder_Hear_My_Cry,Goodreads Popular by Year
1976,6,"All Things Bright and Beautiful (All Creatures Great and Small, #3-4)",https://www.goodreads.com/book/show/38743.All_Things_Bright_and_Beautiful,Goodreads Popular by Year
1976,7,The Omen,https://www.goodreads.com/book/show/226162.The_Omen,Goodreads Popular by Year
1976,8,On Writing Well: The Classic Guide to Writing Nonfiction,https://www.goodreads.com/book/show/53343.On_Writing_Well,Goodreads Popular by Year
1976,9,A Course in Miracles: Combined Volume,https://www.goodreads.com/book/show/173673.A_Course_in_Miracles,Goodreads Popular by Year
1976,10,"Sleeping Murder (Miss Marple, #12)",https://www.goodreads.com/book/show/16300.Sleeping_Murder,Goodreads Popular by Year
1977,1,"The Shining (The Shining, #1)",https://www.goodreads.com/book/show/11588.The_Shining,Goodreads Popular by Year
1977,2,Bridge to Terabithia,https://www.goodreads.com/book/show/40940121-bridge-to-terabithia,Goodreads Popular by Year
1977,3,The Silmarillion,https://www.goodreads.com/book/show/7332.The_Silmarillion,Goodreads Popular by Year
1977,4,The Thorn Birds,https://www.goodreads.com/book/show/3412.The_Thorn_Birds,Goodreads Popular by Year
1977,5,Song of Solomon,https://www.goodreads.com/book/show/11334.Song_of_Solomon,Goodreads Popular by Year
1977,6,The Amityville Horror,https://www.goodreads.com/book/show/293101.The_Amityville_Horror,Goodreads Popular by Year
1977,7,A Scanner Darkly,https://www.goodreads.com/book/show/14817.A_Scanner_Darkly,Goodreads Popular by Year
1977,8,"The Sword of Shannara (The Original Shannara Trilogy, #1)",https://www.goodreads.com/book/show/15575.The_Sword_of_Shannara,Goodreads Popular by Year
1977,9,The Hour of the Star,https://www.goodreads.com/book/show/762390.The_Hour_of_the_Star,Goodreads Popular by Year
1977,10,"Miss Nelson Is Missing! (Miss Nelson, #1)",https://www.goodreads.com/book/show/147732.Miss_Nelson_Is_Missing_,Goodreads Popular by Year
1978,1,The Stand,https://www.goodreads.com/book/show/87591651-the-stand,Goodreads Popular by Year
1978,2,The Westing Game,https://www.goodreads.com/book/show/902.The_Westing_Game,Goodreads Popular by Year
1978,3,The World According to Garp,https://www.goodreads.com/book/show/7069.The_World_According_to_Garp,Goodreads Popular by Year
1978,4,Night Shift,https://www.goodreads.com/book/show/10628.Night_Shift,Goodreads Popular by Year
1978,5,Eye of the Needle,https://www.goodreads.com/book/show/92364.Eye_of_the_Needle,Goodreads Popular by Year
1978,6,"The Road Less Traveled: A New Psychology of Love, Traditional Values and Spiritual Growth",https://www.goodreads.com/book/show/347852.The_Road_Less_Traveled,Goodreads Popular by Year
1978,7,Requiem for a Dream,https://www.goodreads.com/book/show/46945.Requiem_for_a_Dream,Goodreads Popular by Year
1978,8,"Cloudy with a Chance of Meatballs (Cloudy with a Chance of Meatballs, #1)",https://www.goodreads.com/book/show/8073.Cloudy_with_a_Chance_of_Meatballs,Goodreads Popular by Year
1978,9,Women,https://www.goodreads.com/book/show/38500.Women,Goodreads Popular by Year
1978,10,Orientalism,https://www.goodreads.com/book/show/355190.Orientalism,Goodreads Popular by Year
1979,1,"The Hitchhiker's Guide to the Galaxy (Hitchhiker's Guide to the Galaxy, #1)",https://www.goodreads.com/book/show/11.The_Hitchhiker_s_Guide_to_the_Galaxy,Goodreads Popular by Year
1979,2,Kindred,https://www.goodreads.com/book/show/60931.Kindred,Goodreads Popular by Year
1979,3,The New Drawing on the Right Side of the Brain,https://www.goodreads.com/book/show/627206.The_New_Drawing_on_the_Right_Side_of_the_Brain,Goodreads Popular by Year
1979,4,The Long Walk,https://www.goodreads.com/book/show/9014.The_Long_Walk,Goodreads Popular by Year
1979,5,"Flowers in the Attic (Dollanganger, #1)",https://www.goodreads.com/book/show/43448.Flowers_in_the_Attic,Goodreads Popular by Year
1979,6,The Neverending Story,https://www.goodreads.com/book/show/27712.The_Neverending_Story,Goodreads Popular by Year
1979,7,The Dead Zone,https://www.goodreads.com/book/show/11573.The_Dead_Zone,Goodreads Popular by Year
1979,8,If on a Winter's Night a Traveler,https://www.goodreads.com/book/show/374233.If_on_a_Winter_s_Night_a_Traveler,Goodreads Popular by Year
1979,9,"The Rise of Theodore Roosevelt (Theodore Roosevelt, #1)",https://www.goodreads.com/book/show/40929.The_Rise_of_Theodore_Roosevelt,Goodreads Popular by Year
1979,10,"Gödel, Escher, Bach: An Eternal Golden Braid",https://www.goodreads.com/book/show/24113.G_del_Escher_Bach,Goodreads Popular by Year
1980,1,The Name of the Rose,https://www.goodreads.com/book/show/119073.The_Name_of_the_Rose,Goodreads Popular by Year
1980,2,A People’s History of the United States: 1492 - Present,https://www.goodreads.com/book/show/2767.A_People_s_History_of_the_United_States,Goodreads Popular by Year
1980,3,"The Bourne Identity (Jason Bourne, #1)",https://www.goodreads.com/book/show/7869.The_Bourne_Identity,Goodreads Popular by Year
1980,4,A Confederacy of Dunces,https://www.goodreads.com/book/show/310612.A_Confederacy_of_Dunces,Goodreads Popular by Year
1980,5,The Complete Maus,https://www.goodreads.com/book/show/15195.The_Complete_Maus,Goodreads Popular by Year
1980,6,"The Restaurant at the End of the Universe (The Hitchhiker's Guide to the Galaxy, #2)",https://www.goodreads.com/book/show/8695.The_Restaurant_at_the_End_of_the_Universe,Goodreads Popular by Year
1980,7,"The Clan of the Cave Bear (Earth's Children, #1)",https://www.goodreads.com/book/show/40611463-the-clan-of-the-cave-bear,Goodreads Popular by Year
1980,8,Cosmos,https://www.goodreads.com/book/show/55030.Cosmos,Goodreads Popular by Year
1980,9,Firestarter,https://www.goodreads.com/book/show/233667.Firestarter,Goodreads Popular by Year
1980,10,The Mist,https://www.goodreads.com/book/show/813214.The_Mist,Goodreads Popular by Year
1981,1,A Light in the Attic,https://www.goodreads.com/book/show/30118.A_Light_in_the_Attic,Goodreads Popular by Year
1981,2,"Red Dragon (Hannibal Lecter, #1)",https://www.goodreads.com/book/show/28877.Red_Dragon,Goodreads Popular by Year
1981,3,Cujo,https://www.goodreads.com/book/show/10603.Cujo,Goodreads Popular by Year
1981,4,Midnight’s Children,https://www.goodreads.com/book/show/14836.Midnight_s_Children,Goodreads Popular by Year
1981,5,Chronicle of a Death Foretold,https://www.goodreads.com/book/show/23878.Chronicle_of_a_Death_Foretold,Goodreads Popular by Year
1981,6,God Emperor of Dune (Dune #4),https://www.goodreads.com/book/show/44439415-god-emperor-of-dune,Goodreads Popular by Year
1981,7,The One Minute Manager,https://www.goodreads.com/book/show/763362.The_One_Minute_Manager,Goodreads Popular by Year
1981,8,Getting to Yes: Negotiating Agreement Without Giving In,https://www.goodreads.com/book/show/313605.Getting_to_Yes,Goodreads Popular by Year
1981,9,What We Talk About When We Talk About Love,https://www.goodreads.com/book/show/11438.What_We_Talk_About_When_We_Talk_About_Love,Goodreads Popular by Year
1981,10,"Women, Race & Class",https://www.goodreads.com/book/show/635635.Women_Race_Class,Goodreads Popular by Year
1982,1,The Color Purple,https://www.goodreads.com/book/show/52892857-the-color-purple,Goodreads Popular by Year
1982,2,"The Gunslinger (Dark Tower, #1)",https://www.goodreads.com/book/show/247642509-the-gunslinger,Goodreads Popular by Year
1982,3,The BFG,https://www.goodreads.com/book/show/6319.The_BFG,Goodreads Popular by Year
1982,4,The House of the Spirits,https://www.goodreads.com/book/show/9328.The_House_of_the_Spirits,Goodreads Popular by Year
1982,5,"The Mists of Avalon (Avalon, #1)",https://www.goodreads.com/book/show/40605251-the-mists-of-avalon,Goodreads Popular by Year
1982,6,Schindler’s List,https://www.goodreads.com/book/show/375013.Schindler_s_List,Goodreads Popular by Year
1982,7,Different Seasons,https://www.goodreads.com/book/show/39662.Different_Seasons,Goodreads Popular by Year
1982,8,"Life, the Universe and Everything (The Hitchhiker's Guide to the Galaxy, #3)",https://www.goodreads.com/book/show/8694.Life_the_Universe_and_Everything,Goodreads Popular by Year
1982,9,The Running Man,https://www.goodreads.com/book/show/11607.The_Running_Man,Goodreads Popular by Year
1982,10,A Is for Alibi (Kinsey Millhone #1),https://www.goodreads.com/book/show/64863.A_Is_for_Alibi,Goodreads Popular by Year
1983,1,Pet Sematary,https://www.goodreads.com/book/show/33124137-pet-sematary,Goodreads Popular by Year
1983,2,ASIN: B00K3NEE56,https://www.goodreads.com/book/show/22047048,Goodreads Popular by Year
1983,3,"The Color of Magic (Discworld, #1; Rincewind, #1)",https://www.goodreads.com/book/show/34497.The_Color_of_Magic,Goodreads Popular by Year
1983,4,The Witches,https://www.goodreads.com/book/show/6327.The_Witches,Goodreads Popular by Year
1983,5,another edition,https://www.goodreads.com/book/show/20407316.another_edition,Goodreads Popular by Year
1983,6,Christine,https://www.goodreads.com/book/show/10629.Christine,Goodreads Popular by Year
1983,7,The Queen's Gambit,https://www.goodreads.com/book/show/62022.The_Queen_s_Gambit,Goodreads Popular by Year
1983,8,"Alanna: The First Adventure (Song of the Lioness, #1)",https://www.goodreads.com/book/show/13831.Alanna,Goodreads Popular by Year
1983,9,The Woman in Black,https://www.goodreads.com/book/show/37034.The_Woman_in_Black,Goodreads Popular by Year
1983,10,Heartburn,https://www.goodreads.com/book/show/225343.Heartburn,Goodreads Popular by Year
1984,1,The Unbearable Lightness of Being,https://www.goodreads.com/book/show/9717.The_Unbearable_Lightness_of_Being,Goodreads Popular by Year
1984,2,"Neuromancer (Sprawl, #1)",https://www.goodreads.com/book/show/6088007-neuromancer,Goodreads Popular by Year
1984,3,Influence: The Psychology of Persuasion,https://www.goodreads.com/book/show/28815.Influence,Goodreads Popular by Year
1984,4,"The Hunt for Red October (Jack Ryan, #3)",https://www.goodreads.com/book/show/19691.The_Hunt_for_Red_October,Goodreads Popular by Year
1984,5,The House on Mango Street,https://www.goodreads.com/book/show/139253.The_House_on_Mango_Street,Goodreads Popular by Year
1984,6,Thinner,https://www.goodreads.com/book/show/10605.Thinner,Goodreads Popular by Year
1984,7,"So Long, and Thanks for All the Fish (The Hitchhiker's Guide to the Galaxy, #4)",https://www.goodreads.com/book/show/6091075-so-long-and-thanks-for-all-the-fish,Goodreads Popular by Year
1984,8,"The Talisman (The Talisman, #1)",https://www.goodreads.com/book/show/59219.The_Talisman,Goodreads Popular by Year
1984,9,The Eyes of the Dragon,https://www.goodreads.com/book/show/10611.The_Eyes_of_the_Dragon,Goodreads Popular by Year
1984,10,The Wasp Factory,https://www.goodreads.com/book/show/567678.The_Wasp_Factory,Goodreads Popular by Year
1985,1,The Handmaid's Tale,https://www.goodreads.com/book/show/34454589-the-handmaid-s-tale,Goodreads Popular by Year
1985,2,"Ender’s Game (Ender's Saga, #1)",https://www.goodreads.com/book/show/375802.Ender_s_Game,Goodreads Popular by Year
1985,3,Love in the Time of Cholera,https://www.goodreads.com/book/show/9712.Love_in_the_Time_of_Cholera,Goodreads Popular by Year
1985,4,Perfume: The Story of a Murderer,https://www.goodreads.com/book/show/343.Perfume,Goodreads Popular by Year
1985,5,"Lonesome Dove (Lonesome Dove, #1)",https://www.goodreads.com/book/show/256008.Lonesome_Dove,Goodreads Popular by Year
1985,6,The Man Who Mistook His Wife for a Hat and Other Clinical Tales,https://www.goodreads.com/book/show/63697.The_Man_Who_Mistook_His_Wife_for_a_Hat_and_Other_Clinical_Tales,Goodreads Popular by Year
1985,7,"Blood Meridian, or, the Evening Redness in the West",https://www.goodreads.com/book/show/394535.Blood_Meridian_or_the_Evening_Redness_in_the_West,Goodreads Popular by Year
1985,8,"""Surely You're Joking, Mr. Feynman!"": Adventures of a Curious Character",https://www.goodreads.com/book/show/35167685-surely-you-re-joking-mr-feynman,Goodreads Popular by Year
1985,9,If You Give a Mouse a Cookie (If You Give...),https://www.goodreads.com/book/show/767680.If_You_Give_a_Mouse_a_Cookie,Goodreads Popular by Year
1985,10,'If You Give a Mouse a Cookie' (1985),https://www.goodreads.com/book/show/540654._If_You_Give_a_Mouse_a_Cookie___1985_,Goodreads Popular by Year
1986,1,"Howl's Moving Castle (Howl's Moving Castle, #1)",https://www.goodreads.com/book/show/6294.Howl_s_Moving_Castle,Goodreads Popular by Year
1986,2,"Maus I: A Survivor's Tale: My Father Bleeds History (Maus, #1)",https://www.goodreads.com/book/show/15196.Maus_I,Goodreads Popular by Year
1986,3,"Speaker for the Dead (Ender's Saga, #2)",https://www.goodreads.com/book/show/7967.Speaker_for_the_Dead,Goodreads Popular by Year
1986,4,Love You Forever,https://www.goodreads.com/book/show/310259.Love_You_Forever,Goodreads Popular by Year
1986,5,The Prince of Tides,https://www.goodreads.com/book/show/16735.The_Prince_of_Tides,Goodreads Popular by Year
1986,6,"Watchmen #1: At Midnight, All The Agents…",https://www.goodreads.com/book/show/17856572-watchmen-1,Goodreads Popular by Year
1986,7,Batman: The Dark Knight Returns,https://www.goodreads.com/book/show/59960.Batman,Goodreads Popular by Year
1986,8,"The Light Fantastic (Discworld, #2; Rincewind, #2)",https://www.goodreads.com/book/show/34506.The_Light_Fantastic,Goodreads Popular by Year
1986,9,"Redwall (Redwall, #1)",https://www.goodreads.com/book/show/7996.Redwall,Goodreads Popular by Year
1986,10,"The Bourne Supremacy (Jason Bourne, #2)",https://www.goodreads.com/book/show/15769.The_Bourne_Supremacy,Goodreads Popular by Year
1987,1,Norwegian Wood,https://www.goodreads.com/book/show/11297.Norwegian_Wood,Goodreads Popular by Year
1987,2,Misery,https://www.goodreads.com/book/show/10614.Misery,Goodreads Popular by Year
1987,3,Beloved,https://www.goodreads.com/book/show/6149.Beloved,Goodreads Popular by Year
1987,4,Watchmen,https://www.goodreads.com/book/show/472331.Watchmen,Goodreads Popular by Year
1987,5,"Hatchet (Brian's Saga, #1)",https://www.goodreads.com/book/show/50.Hatchet,Goodreads Popular by Year
1987,6,Fried Green Tomatoes at the Whistle Stop Cafe,https://www.goodreads.com/book/show/9375.Fried_Green_Tomatoes_at_the_Whistle_Stop_Cafe,Goodreads Popular by Year
1987,7,"The Drawing of the Three (Dark Tower, #2)",https://www.goodreads.com/book/show/5094.The_Drawing_of_the_Three,Goodreads Popular by Year
1987,8,"Mort (Discworld, #4; Death, #1)",https://www.goodreads.com/book/show/386372.Mort,Goodreads Popular by Year
1987,9,"Equal Rites (Discworld, #3; Witches, #1)",https://www.goodreads.com/book/show/34507.Equal_Rites,Goodreads Popular by Year
1987,10,Sphere,https://www.goodreads.com/book/show/455373.Sphere,Goodreads Popular by Year
1988,1,The Alchemist,https://www.goodreads.com/book/show/18144590-the-alchemist,Goodreads Popular by Year
1988,2,Matilda,https://www.goodreads.com/book/show/39988.Matilda,Goodreads Popular by Year
1988,3,Charlie and the Chocolate Factory,https://www.goodreads.com/book/show/781822.Charlie_and_the_Chocolate_Factory,Goodreads Popular by Year
1988,4,Matilda,https://www.goodreads.com/book/show/28186304.Matilda,Goodreads Popular by Year
1988,5,The BFG,https://www.goodreads.com/book/show/527786.The_BFG,Goodreads Popular by Year
1988,6,A Brief History of Time,https://www.goodreads.com/book/show/3869.A_Brief_History_of_Time,Goodreads Popular by Year
1988,7,"The Silence of the Lambs  (Hannibal Lecter, #2)",https://www.goodreads.com/book/show/23807.The_Silence_of_the_Lambs,Goodreads Popular by Year
1988,8,"The Sandman, Vol. 1: Preludes & Nocturnes",https://www.goodreads.com/book/show/23754.The_Sandman_Vol_1,Goodreads Popular by Year
1988,9,Dead Poets Society,https://www.goodreads.com/book/show/67238.Dead_Poets_Society,Goodreads Popular by Year
1988,10,Batman: Year One,https://www.goodreads.com/book/show/59980.Batman,Goodreads Popular by Year
1989,1,The 7 Habits of Highly Effective People: Powerful Lessons in Personal Change,https://www.goodreads.com/book/show/36072.The_7_Habits_of_Highly_Effective_People,Goodreads Popular by Year
1989,2,"The Pillars of the Earth (Kingsbridge, #1)",https://www.goodreads.com/book/show/5043.The_Pillars_of_the_Earth,Goodreads Popular by Year
1989,3,Alternate Cover Edition,http://www.goodreads.com/book/show/17229203-the-pillars-of-the-earth,Goodreads Popular by Year
1989,4,"A Time to Kill (Jake Brigance, #1)",https://www.goodreads.com/book/show/32542.A_Time_to_Kill,Goodreads Popular by Year
1989,5,The Joy Luck Club,https://www.goodreads.com/book/show/7763.The_Joy_Luck_Club,Goodreads Popular by Year
1989,6,Number the Stars,https://www.goodreads.com/book/show/47281.Number_the_Stars,Goodreads Popular by Year
1989,7,The Remains of the Day,https://www.goodreads.com/book/show/28921.The_Remains_of_the_Day,Goodreads Popular by Year
1989,8,"Hyperion (Hyperion Cantos, #1)",https://www.goodreads.com/book/show/77566.Hyperion,Goodreads Popular by Year
1989,9,A Prayer for Owen Meany,https://www.goodreads.com/book/show/4473.A_Prayer_for_Owen_Meany,Goodreads Popular by Year
1989,10,Like Water for Chocolate,https://www.goodreads.com/book/show/6952.Like_Water_for_Chocolate,Goodreads Popular by Year
1990,1,Good Omens,https://www.goodreads.com/book/show/12070.Good_Omens,Goodreads Popular by Year
1990,2,"Jurassic Park (Jurassic Park, #1)",https://www.goodreads.com/book/show/40604658-jurassic-park,Goodreads Popular by Year
1990,3,"The Eye of the World (Wheel of Time, #1)",https://www.goodreads.com/book/show/228665.The_Eye_of_the_World,Goodreads Popular by Year
1990,4,The 5 Love Languages: The Secret to Love That Lasts,https://www.goodreads.com/book/show/23878688-the-5-love-languages,Goodreads Popular by Year
1990,5,"Oh, the Places You’ll Go!",https://www.goodreads.com/book/show/191139.Oh_the_Places_You_ll_Go_,Goodreads Popular by Year
1990,6,'Cat in the Hat',https://www.goodreads.com/book/show/233093._Cat_in_the_Hat_,Goodreads Popular by Year
1990,7,The Things They Carried,https://www.goodreads.com/book/show/133518.The_Things_They_Carried,Goodreads Popular by Year
1990,8,V for Vendetta,https://www.goodreads.com/book/show/5805.V_for_Vendetta,Goodreads Popular by Year
1990,9,"The Great Hunt (Wheel of Time, #2)",https://www.goodreads.com/book/show/233649.The_Great_Hunt,Goodreads Popular by Year
1990,10,"Postmortem (Kay Scarpetta, #1)",https://www.goodreads.com/book/show/6534.Postmortem,Goodreads Popular by Year
1991,1,"Outlander (Outlander, #1)",https://www.goodreads.com/book/show/10964.Outlander,Goodreads Popular by Year
1991,2,American Psycho,https://www.goodreads.com/book/show/28676.American_Psycho,Goodreads Popular by Year
1991,3,Sophie’s World,https://www.goodreads.com/book/show/10959.Sophie_s_World,Goodreads Popular by Year
1991,4,Redeeming Love,https://www.goodreads.com/book/show/11422.Redeeming_Love,Goodreads Popular by Year
1991,5,"The Dragon Reborn (Wheel of Time, #3)",https://www.goodreads.com/book/show/34897.The_Dragon_Reborn,Goodreads Popular by Year
1991,6,Needful Things,https://www.goodreads.com/book/show/107291.Needful_Things,Goodreads Popular by Year
1991,7,"The Waste Lands (Dark Tower, #3)",https://www.goodreads.com/book/show/34084.The_Waste_Lands,Goodreads Popular by Year
1991,8,Wild Swans: Three Daughters of China,https://www.goodreads.com/book/show/1848.Wild_Swans,Goodreads Popular by Year
1991,9,"Xenocide (Ender's Saga, #3)",https://www.goodreads.com/book/show/8648.Xenocide,Goodreads Popular by Year
1991,10,"The Firm (The Firm, #1)",https://www.goodreads.com/book/show/452235.The_Firm,Goodreads Popular by Year
1992,1,The Secret History,https://www.goodreads.com/book/show/29044.The_Secret_History,Goodreads Popular by Year
1992,2,"Dragonfly in Amber (Outlander, #2)",https://www.goodreads.com/book/show/5364.Dragonfly_in_Amber,Goodreads Popular by Year
1992,3,The Pelican Brief,https://www.goodreads.com/book/show/32499.The_Pelican_Brief,Goodreads Popular by Year
1992,4,Snow Crash,https://www.goodreads.com/book/show/61240297-snow-crash,Goodreads Popular by Year
1992,5,She’s Come Undone,https://www.goodreads.com/book/show/5203.She_s_Come_Undone,Goodreads Popular by Year
1992,6,Women Who Run With the Wolves,https://www.goodreads.com/book/show/241823.Women_Who_Run_With_the_Wolves,Goodreads Popular by Year
1992,7,"The Shadow Rising (Wheel of Time, #4)",https://www.goodreads.com/book/show/9539.The_Shadow_Rising,Goodreads Popular by Year
1992,8,"Sword of Destiny (The Witcher, #0.7)",https://www.goodreads.com/book/show/25454056-sword-of-destiny,Goodreads Popular by Year
1992,9,"The Black Echo (Harry Bosch, #1; Harry Bosch Universe, #1)",https://www.goodreads.com/book/show/32508.The_Black_Echo,Goodreads Popular by Year
1992,10,Gerald's Game,https://www.goodreads.com/book/show/32692.Gerald_s_Game,Goodreads Popular by Year
1993,1,"The Giver (Giver, #1)",https://www.goodreads.com/book/show/3636.The_Giver,Goodreads Popular by Year
1993,2,The Virgin Suicides,https://www.goodreads.com/book/show/10956.The_Virgin_Suicides,Goodreads Popular by Year
1993,3,"Parable of the Sower (Earthseed, #1)",https://www.goodreads.com/book/show/52397.Parable_of_the_Sower,Goodreads Popular by Year
1993,4,"The Last Wish (The Witcher, #0.5)",https://www.goodreads.com/book/show/40603587-the-last-wish,Goodreads Popular by Year
1993,5,B0010SIPT4,https://www.goodreads.com/book/show/51633549-the-last-wish,Goodreads Popular by Year
1993,6,"Along Came a Spider (Alex Cross, #1)",https://www.goodreads.com/book/show/13145.Along_Came_a_Spider,Goodreads Popular by Year
1993,7,"Girl, Interrupted",https://www.goodreads.com/book/show/68783.Girl_Interrupted,Goodreads Popular by Year
1993,8,The Client,https://www.goodreads.com/book/show/5359.The_Client,Goodreads Popular by Year
1993,9,"Voyager (Outlander, #3)",https://www.goodreads.com/book/show/10987.Voyager,Goodreads Popular by Year
1993,10,Trainspotting,https://www.goodreads.com/book/show/23955.Trainspotting,Goodreads Popular by Year
1994,1,"One for the Money (Stephanie Plum, #1)",https://www.goodreads.com/book/show/6853.One_for_the_Money,Goodreads Popular by Year
1994,2,The Wind-Up Bird Chronicle,https://www.goodreads.com/book/show/11275.The_Wind_Up_Bird_Chronicle,Goodreads Popular by Year
1994,3,Midnight in the Garden of Good and Evil,https://www.goodreads.com/book/show/386187.Midnight_in_the_Garden_of_Good_and_Evil,Goodreads Popular by Year
1994,4,"Blood of Elves (The Witcher, #1)",https://www.goodreads.com/book/show/6043781-blood-of-elves,Goodreads Popular by Year
1994,5,"Kiss the Girls (Alex Cross, #2)",https://www.goodreads.com/book/show/13148.Kiss_the_Girls,Goodreads Popular by Year
1994,6,The Memory Police,https://www.goodreads.com/book/show/37004370-the-memory-police,Goodreads Popular by Year
1994,7,"The Alienist (Dr. Laszlo Kreizler, #1)",https://www.goodreads.com/book/show/40024.The_Alienist,Goodreads Popular by Year
1994,8,"Wizard's First Rule (Sword of Truth, #1)",https://www.goodreads.com/book/show/43889.Wizard_s_First_Rule,Goodreads Popular by Year
1994,9,"Lord of Chaos (Wheel of Time, #6)",https://www.goodreads.com/book/show/35231.Lord_of_Chaos,Goodreads Popular by Year
1994,10,Snow Falling on Cedars,https://www.goodreads.com/book/show/77142.Snow_Falling_on_Cedars,Goodreads Popular by Year
1995,1,"The Golden Compass (His Dark Materials, #1)",https://www.goodreads.com/book/show/119322.The_Golden_Compass,Goodreads Popular by Year
1995,2,I Who Have Never Known Men,https://www.goodreads.com/book/show/60811826-i-who-have-never-known-men,Goodreads Popular by Year
1995,3,"Wicked: The Life and Times of the Wicked Witch of the West (The Wicked Years, #1)",https://www.goodreads.com/book/show/37442.Wicked,Goodreads Popular by Year
1995,4,"Assassin's Apprentice (Farseer Trilogy, #1)",https://www.goodreads.com/book/show/77197.Assassin_s_Apprentice,Goodreads Popular by Year
1995,5,"The Firm (Penguin Readers, Level 5)",https://www.goodreads.com/book/show/5358.The_Firm,Goodreads Popular by Year
1995,6,"A Child Called ""It"" (Dave Pelzer, #1)",https://www.goodreads.com/book/show/60748.A_Child_Called_It_,Goodreads Popular by Year
1995,7,ACE #1,https://www.goodreads.com/book/show/25862303,Goodreads Popular by Year
1995,8,Blindness,https://www.goodreads.com/book/show/40495148-blindness,Goodreads Popular by Year
1995,9,Dreams from My Father: A Story of Race and Inheritance,https://www.goodreads.com/book/show/88061.Dreams_from_My_Father,Goodreads Popular by Year
1995,10,Emotional Intelligence: Why It Can Matter More Than IQ,https://www.goodreads.com/book/show/26329.Emotional_Intelligence,Goodreads Popular by Year
1996,1,"A Game of Thrones (A Song of Ice and Fire, #1)",https://www.goodreads.com/book/show/13496.A_Game_of_Thrones,Goodreads Popular by Year
1996,2,"The Notebook (The Notebook, #1)",https://www.goodreads.com/book/show/33648131-the-notebook,Goodreads Popular by Year
1996,3,Into the Wild,https://www.goodreads.com/book/show/60869516-into-the-wild,Goodreads Popular by Year
1996,4,"Bridget Jones’s Diary (Bridget Jones, #1)",https://www.goodreads.com/book/show/227443.Bridget_Jones_s_Diary,Goodreads Popular by Year
1996,5,Fight Club,https://www.goodreads.com/book/show/36236124-fight-club,Goodreads Popular by Year
1996,6,"Neverwhere (London Below, #1)",https://www.goodreads.com/book/show/14497.Neverwhere,Goodreads Popular by Year
1996,7,"Angela's Ashes (Frank McCourt, #1)",https://www.goodreads.com/book/show/252577.Angela_s_Ashes,Goodreads Popular by Year
1996,8,The Green Mile,https://www.goodreads.com/book/show/11566.The_Green_Mile,Goodreads Popular by Year
1996,9,Divine Secrets of the Ya-Ya Sisterhood,https://www.goodreads.com/book/show/137791.Divine_Secrets_of_the_Ya_Ya_Sisterhood,Goodreads Popular by Year
1996,10,"The Ultimate Hitchhiker’s Guide to the Galaxy (Hitchhiker's Guide to the Galaxy, #1-5)",https://www.goodreads.com/book/show/13.The_Ultimate_Hitchhiker_s_Guide_to_the_Galaxy,Goodreads Popular by Year
1997,1,"Harry Potter and the Philosopher's Stone (Harry Potter, #1)",https://www.goodreads.com/book/show/42844155-harry-potter-and-the-philosopher-s-stone,Goodreads Popular by Year
1997,2,Memoirs of a Geisha,https://www.goodreads.com/book/show/929.Memoirs_of_a_Geisha,Goodreads Popular by Year
1997,3,"Tuesdays with Morrie: An Old Man, a Young Man, and Life's Greatest Lesson",https://www.goodreads.com/book/show/6900.Tuesdays_with_Morrie,Goodreads Popular by Year
1997,4,Rich Dad Poor Dad: What the Rich Teach Their Kids About Money—That the Poor and Middle Class Do Not!,https://www.goodreads.com/book/show/69571.Rich_Dad_Poor_Dad,Goodreads Popular by Year
1997,5,The Four Agreements: A Practical Guide to Personal Freedom,https://www.goodreads.com/book/show/6596.The_Four_Agreements,Goodreads Popular by Year
1997,6,"Guns, Germs, and Steel: The Fates of Human Societies",https://www.goodreads.com/book/show/1842.Guns_Germs_and_Steel,Goodreads Popular by Year
1997,7,The Power of Now: A Guide to Spiritual Enlightenment,https://www.goodreads.com/book/show/6708.The_Power_of_Now,Goodreads Popular by Year
1997,8,ISBN 9781577314806,https://www.goodreads.com/book/show/193893624-the-power-of-now,Goodreads Popular by Year
1997,9,The Red Tent,https://www.goodreads.com/book/show/4989.The_Red_Tent,Goodreads Popular by Year
1997,10,Into Thin Air: A Personal Account of the Mt. Everest Disaster,https://www.goodreads.com/book/show/1898.Into_Thin_Air,Goodreads Popular by Year
1998,1,"Harry Potter and the Chamber of Secrets (Harry Potter, #2)",https://www.goodreads.com/book/show/15881.Harry_Potter_and_the_Chamber_of_Secrets,Goodreads Popular by Year
1998,2,"Holes (Holes, #1)",https://www.goodreads.com/book/show/38709.Holes,Goodreads Popular by Year
1998,3,"A Clash of Kings  (A Song of Ice and Fire, #2)",https://www.goodreads.com/book/show/10572.A_Clash_of_Kings,Goodreads Popular by Year
1998,4,The Poisonwood Bible,https://www.goodreads.com/book/show/7244.The_Poisonwood_Bible,Goodreads Popular by Year
1998,5,Digital Fortress,https://www.goodreads.com/book/show/11125.Digital_Fortress,Goodreads Popular by Year
1998,6,Who Moved My Cheese?,https://www.goodreads.com/book/show/4894.Who_Moved_My_Cheese_,Goodreads Popular by Year
1998,7,A Walk in the Woods: Rediscovering America on the Appalachian Trail,https://www.goodreads.com/book/show/9791.A_Walk_in_the_Woods,Goodreads Popular by Year
1998,8,I Know This Much Is True,https://www.goodreads.com/book/show/227711.I_Know_This_Much_Is_True,Goodreads Popular by Year
1998,9,The Pact,https://www.goodreads.com/book/show/10916.The_Pact,Goodreads Popular by Year
1998,10,"The No. 1 Ladies' Detective Agency (No. 1 Ladies' Detective Agency, #1)",https://www.goodreads.com/book/show/7061.The_No_1_Ladies_Detective_Agency,Goodreads Popular by Year
1999,1,"Harry Potter and the Prisoner of Azkaban (Harry Potter, #3)",https://www.goodreads.com/book/show/5.Harry_Potter_and_the_Prisoner_of_Azkaban,Goodreads Popular by Year
1999,2,The Perks of Being a Wallflower,https://www.goodreads.com/book/show/22628.The_Perks_of_Being_a_Wallflower,Goodreads Popular by Year
1999,3,A Walk to Remember,https://www.goodreads.com/book/show/35545737-a-walk-to-remember,Goodreads Popular by Year
1999,4,Girl with a Pearl Earring,https://www.goodreads.com/book/show/2865.Girl_with_a_Pearl_Earring,Goodreads Popular by Year
1999,5,Speak,https://www.goodreads.com/book/show/39280444-speak,Goodreads Popular by Year
1999,6,Stardust,https://www.goodreads.com/book/show/16793.Stardust,Goodreads Popular by Year
1999,7,"The Bad Beginning (A Series of Unfortunate Events, #1)",https://www.goodreads.com/book/show/78411.The_Bad_Beginning,Goodreads Popular by Year
1999,8,The 48 Laws of Power,https://www.goodreads.com/book/show/1303.The_48_Laws_of_Power,Goodreads Popular by Year
1999,9,White Oleander,https://www.goodreads.com/book/show/32234.White_Oleander,Goodreads Popular by Year
1999,10,All About Love: New Visions,https://www.goodreads.com/book/show/17607.All_About_Love,Goodreads Popular by Year
2000,1,"Harry Potter and the Goblet of Fire (Harry Potter, #4)",https://www.goodreads.com/book/show/58613424-harry-potter-and-the-goblet-of-fire,Goodreads Popular by Year
2000,2,"Angels & Demons (Robert Langdon, #1)",https://www.goodreads.com/book/show/960.Angels_Demons,Goodreads Popular by Year
2000,3,The Tipping Point: How Little Things Can Make a Big Difference,https://www.goodreads.com/book/show/2612.The_Tipping_Point,Goodreads Popular by Year
2000,4,"A Storm of Swords (A Song of Ice and Fire, #3)",https://www.goodreads.com/book/show/62291.A_Storm_of_Swords,Goodreads Popular by Year
2000,5,"The Duke and I (Bridgertons, #1)",https://www.goodreads.com/book/show/110391.The_Duke_and_I,Goodreads Popular by Year
2000,6,Me Talk Pretty One Day,https://www.goodreads.com/book/show/4137.Me_Talk_Pretty_One_Day,Goodreads Popular by Year
2000,7,"Confessions of a Shopaholic (Shopaholic, #1)",https://www.goodreads.com/book/show/9416.Confessions_of_a_Shopaholic,Goodreads Popular by Year
2000,8,House of Leaves,https://www.goodreads.com/book/show/24800.House_of_Leaves,Goodreads Popular by Year
2000,9,"The Viscount Who Loved Me (Bridgertons, #2)",https://www.goodreads.com/book/show/861326.The_Viscount_Who_Loved_Me,Goodreads Popular by Year
2000,10,On Writing: A Memoir of the Craft,https://www.goodreads.com/book/show/10569.On_Writing,Goodreads Popular by Year
2001,1,Life of Pi,https://www.goodreads.com/book/show/4214.Life_of_Pi,Goodreads Popular by Year
2001,2,The Secret Life of Bees,https://www.goodreads.com/book/show/37435.The_Secret_Life_of_Bees,Goodreads Popular by Year
2001,3,"American Gods: Tenth Anniversary (American Gods, #1)",https://www.goodreads.com/book/show/30165203-american-gods,Goodreads Popular by Year
2001,4,"The Shadow of the Wind (The Cemetery of Forgotten Books, #1)",https://www.goodreads.com/book/show/1232.The_Shadow_of_the_Wind,Goodreads Popular by Year
2001,5,Atonement,https://www.goodreads.com/book/show/6867.Atonement,Goodreads Popular by Year
2001,6,Deception Point,https://www.goodreads.com/book/show/976.Deception_Point,Goodreads Popular by Year
2001,7,"The Sisterhood of the Traveling Pants (Sisterhood, #1)",https://www.goodreads.com/book/show/452306.The_Sisterhood_of_the_Traveling_Pants,Goodreads Popular by Year
2001,8,"Artemis Fowl (Artemis Fowl, #1)",https://www.goodreads.com/book/show/249747.Artemis_Fowl,Goodreads Popular by Year
2001,9,"Dead Until Dark (Sookie Stackhouse, #1)",https://www.goodreads.com/book/show/301082.Dead_Until_Dark,Goodreads Popular by Year
2001,10,"The Other Boleyn Girl (The Plantagenet and Tudor Novels, #9)",https://www.goodreads.com/book/show/37470.The_Other_Boleyn_Girl,Goodreads Popular by Year
2002,1,The Lovely Bones,https://www.goodreads.com/book/show/12232938-the-lovely-bones,Goodreads Popular by Year
2002,2,Eragon (The Inheritance Cycle #1),https://www.goodreads.com/book/show/113436.Eragon,Goodreads Popular by Year
2002,3,Coraline,https://www.goodreads.com/book/show/17061.Coraline,Goodreads Popular by Year
2002,4,Kafka on the Shore,https://www.goodreads.com/book/show/239775146-kafka-on-the-shore,Goodreads Popular by Year
2002,5,Middlesex,https://www.goodreads.com/book/show/2187.Middlesex,Goodreads Popular by Year
2002,6,"Romancing Mister Bridgerton (Bridgertons, #4)",https://www.goodreads.com/book/show/110384.Romancing_Mister_Bridgerton,Goodreads Popular by Year
2002,7,Running with Scissors,https://www.goodreads.com/book/show/242006.Running_with_Scissors,Goodreads Popular by Year
2002,8,"The Nanny Diaries (Nanny, #1)",https://www.goodreads.com/book/show/228333.The_Nanny_Diaries,Goodreads Popular by Year
2002,9,"Good in Bed (Cannie Shapiro, #1)",https://www.goodreads.com/book/show/14748.Good_in_Bed,Goodreads Popular by Year
2002,10,The Purpose Driven Life: What on Earth Am I Here for?,https://www.goodreads.com/book/show/56495.The_Purpose_Driven_Life,Goodreads Popular by Year
2003,1,"Harry Potter and the Order of the Phoenix (Harry Potter, #5)",https://www.goodreads.com/book/show/58613451-harry-potter-and-the-order-of-the-phoenix,Goodreads Popular by Year
2003,2,The Kite Runner,https://www.goodreads.com/book/show/17165596-the-kite-runner,Goodreads Popular by Year
2003,3,"The Da Vinci Code (Robert Langdon, #2)",https://www.goodreads.com/book/show/55019161-the-da-vinci-code,Goodreads Popular by Year
2003,4,The Time Traveler's Wife,https://www.goodreads.com/book/show/18619684-the-time-traveler-s-wife,Goodreads Popular by Year
2003,5,The Curious Incident of the Dog in the Night-Time,https://www.goodreads.com/book/show/1618.The_Curious_Incident_of_the_Dog_in_the_Night_Time,Goodreads Popular by Year
2003,6,"The Devil in the White City: Murder, Magic, and Madness at the Fair That Changed America",https://www.goodreads.com/book/show/397483.The_Devil_in_the_White_City,Goodreads Popular by Year
2003,7,The Five People You Meet in Heaven,https://www.goodreads.com/book/show/3431.The_Five_People_You_Meet_in_Heaven,Goodreads Popular by Year
2003,8,"The Devil Wears Prada (The Devil Wears Prada, #1)",https://www.goodreads.com/book/show/5139.The_Devil_Wears_Prada,Goodreads Popular by Year
2003,9,A Short History of Nearly Everything,https://www.goodreads.com/book/show/21.A_Short_History_of_Nearly_Everything,Goodreads Popular by Year
2003,10,Can You Keep a Secret?,https://www.goodreads.com/book/show/33724.Can_You_Keep_a_Secret_,Goodreads Popular by Year
2004,1,My Sister's Keeper,https://www.goodreads.com/book/show/10917.My_Sister_s_Keeper,Goodreads Popular by Year
2004,2,"Something Borrowed (Darcy & Rachel, #1)",https://www.goodreads.com/book/show/42156.Something_Borrowed,Goodreads Popular by Year
2004,3,Cloud Atlas,https://www.goodreads.com/book/show/49628.Cloud_Atlas,Goodreads Popular by Year
2004,4,Jonathan Strange & Mr Norrell,https://www.goodreads.com/book/show/14201.Jonathan_Strange_Mr_Norrell,Goodreads Popular by Year
2004,5,"P.S. I Love You (P.S. I Love You, #1)",https://www.goodreads.com/book/show/366522.P_S_I_Love_You,Goodreads Popular by Year
2004,6,Alexander Hamilton,https://www.goodreads.com/book/show/16130.Alexander_Hamilton,Goodreads Popular by Year
2004,7,"When He Was Wicked (Bridgertons, #6)",https://www.goodreads.com/book/show/110396.When_He_Was_Wicked,Goodreads Popular by Year
2004,8,"Death Note, Vol. 1: Boredom (Death Note, #1)",https://www.goodreads.com/book/show/13615.Death_Note_Vol_1,Goodreads Popular by Year
2004,9,Dress Your Family in Corduroy and Denim,https://www.goodreads.com/book/show/10176.Dress_Your_Family_in_Corduroy_and_Denim,Goodreads Popular by Year
2004,10,The Truth About Forever,https://www.goodreads.com/book/show/51737.The_Truth_About_Forever,Goodreads Popular by Year
2005,1,"Twilight (Twilight Saga, #1)",https://www.goodreads.com/book/show/41865.Twilight,Goodreads Popular by Year
2005,2,The Book Thief,https://www.goodreads.com/book/show/19063.The_Book_Thief,Goodreads Popular by Year
2005,3,"Harry Potter and the Half-Blood Prince (Harry Potter, #6)",https://www.goodreads.com/book/show/58613345-harry-potter-and-the-half-blood-prince,Goodreads Popular by Year
2005,4,"The Girl With the Dragon Tattoo (Millennium, #1)",https://www.goodreads.com/book/show/2429135.The_Girl_With_the_Dragon_Tattoo,Goodreads Popular by Year
2005,5,"The Lightning Thief (Percy Jackson and the Olympians, #1)",https://www.goodreads.com/book/show/123675190-the-lightning-thief,Goodreads Popular by Year
2005,6,Looking for Alaska,https://www.goodreads.com/book/show/99561.Looking_for_Alaska,Goodreads Popular by Year
2005,7,The Glass Castle,https://www.goodreads.com/book/show/7445.The_Glass_Castle,Goodreads Popular by Year
2005,8,Never Let Me Go,https://www.goodreads.com/book/show/6334.Never_Let_Me_Go,Goodreads Popular by Year
2005,9,Freakonomics: A Rogue Economist Explores the Hidden Side of Everything,https://www.goodreads.com/book/show/1202.Freakonomics,Goodreads Popular by Year
2005,10,"A Feast for Crows (A Song of Ice and Fire, #4)",https://www.goodreads.com/book/show/13497.A_Feast_for_Crows,Goodreads Popular by Year
2006,1,"New Moon (Twilight Saga, #2)",https://www.goodreads.com/book/show/49041.New_Moon,Goodreads Popular by Year
2006,2,"Eat, Pray, Love",https://www.goodreads.com/book/show/19501.Eat_Pray_Love,Goodreads Popular by Year
2006,3,Water for Elephants,https://www.goodreads.com/book/show/43641.Water_for_Elephants,Goodreads Popular by Year
2006,4,Sharp Objects,https://www.goodreads.com/book/show/18045891-sharp-objects,Goodreads Popular by Year
2006,5,"Mistborn: The Final Empire (Mistborn, #1)",https://www.goodreads.com/book/show/68428.Mistborn,Goodreads Popular by Year
2006,6,"The Sea of Monsters (Percy Jackson and the Olympians, #2)",https://www.goodreads.com/book/show/40727118-the-sea-of-monsters,Goodreads Popular by Year
2006,7,The Road,https://www.goodreads.com/book/show/6288.The_Road,Goodreads Popular by Year
2006,8,The Boy in the Striped Pajamas,https://www.goodreads.com/book/show/39999.The_Boy_in_the_Striped_Pajamas,Goodreads Popular by Year
2006,9,The Girl Who Played with Fire (Millennium #2),https://www.goodreads.com/book/show/5060378-the-girl-who-played-with-fire,Goodreads Popular by Year
2006,10,"The Three-Body Problem (Remembrance of Earth’s Past, #1)",https://www.goodreads.com/book/show/20518872-the-three-body-problem,Goodreads Popular by Year
2007,1,"Harry Potter and the Deathly Hallows (Harry Potter, #7)",https://www.goodreads.com/book/show/58613224-harry-potter-and-the-deathly-hallows,Goodreads Popular by Year
2007,2,"City of Bones (The Mortal Instruments, #1)",https://www.goodreads.com/book/show/256683.City_of_Bones,Goodreads Popular by Year
2007,3,A Thousand Splendid Suns,https://www.goodreads.com/book/show/128029.A_Thousand_Splendid_Suns,Goodreads Popular by Year
2007,4,"Eclipse (Crepúsculo, #3)",https://www.goodreads.com/book/show/428263.Eclipse,Goodreads Popular by Year
2007,5,"The Name of the Wind (The Kingkiller Chronicle, #1)",https://www.goodreads.com/book/show/186074.The_Name_of_the_Wind,Goodreads Popular by Year
2007,6,"The Titan’s Curse (Percy Jackson and the Olympians, #3)",https://www.goodreads.com/book/show/561456.The_Titan_s_Curse,Goodreads Popular by Year
2007,7,Thirteen Reasons Why,https://www.goodreads.com/book/show/29844228-thirteen-reasons-why,Goodreads Popular by Year
2007,8,"The Girl Who Kicked the Hornet’s Nest (Millennium, #3)",https://www.goodreads.com/book/show/6892870-the-girl-who-kicked-the-hornet-s-nest,Goodreads Popular by Year
2007,9,"Call Me By Your Name (Call Me By Your Name, #1)",https://www.goodreads.com/book/show/36336078-call-me-by-your-name,Goodreads Popular by Year
2007,10,"Vampire Academy (Vampire Academy, #1)",https://www.goodreads.com/book/show/345627.Vampire_Academy,Goodreads Popular by Year
2008,1,"The Hunger Games (The Hunger Games, #1)",https://www.goodreads.com/book/show/2767052-the-hunger-games,Goodreads Popular by Year
2008,2,"Breaking Dawn (Twilight Saga, #4)",https://www.goodreads.com/book/show/1162543.Breaking_Dawn,Goodreads Popular by Year
2008,3,Paper Towns,https://www.goodreads.com/book/show/6442769-paper-towns,Goodreads Popular by Year
2008,4,"The Battle of the Labyrinth (Percy Jackson and the Olympians, #4)",https://www.goodreads.com/book/show/8130423-the-battle-of-the-labyrinth,Goodreads Popular by Year
2008,5,Outliers: The Story of Success,https://www.goodreads.com/book/show/3228917-outliers,Goodreads Popular by Year
2008,6,"City of Ashes (The Mortal Instruments, #2)",https://www.goodreads.com/book/show/1582996.City_of_Ashes,Goodreads Popular by Year
2008,7,ACE #1,https://www.goodreads.com/book/show/22073607,Goodreads Popular by Year
2008,8,"The Host (The Host, #1)",https://www.goodreads.com/book/show/1656001.The_Host,Goodreads Popular by Year
2008,9,ACE #1,https://www.goodreads.com/book/show/17160860,Goodreads Popular by Year
2008,10,ACE #2,https://www.goodreads.com/book/show/18004625,Goodreads Popular by Year
2009,1,"Catching Fire (The Hunger Games, #2)",https://www.goodreads.com/book/show/6148028-catching-fire,Goodreads Popular by Year
2009,2,The Help,https://www.goodreads.com/book/show/4667024-the-help,Goodreads Popular by Year
2009,3,"The Maze Runner (The Maze Runner, #1)",https://www.goodreads.com/book/show/6186357-the-maze-runner,Goodreads Popular by Year
2009,4,"The Summer I Turned Pretty (Summer, #1)",https://www.goodreads.com/book/show/5821978-the-summer-i-turned-pretty,Goodreads Popular by Year
2009,5,"The Last Olympian (Percy Jackson and the Olympians, #5)",https://www.goodreads.com/book/show/4556058-the-last-olympian,Goodreads Popular by Year
2009,6,"If I Stay (If I Stay, #1)",https://www.goodreads.com/book/show/4374400-if-i-stay,Goodreads Popular by Year
2009,7,Dark Places,https://www.goodreads.com/book/show/5886881-dark-places,Goodreads Popular by Year
2009,8,"City of Glass (The Mortal Instruments, #3)",https://www.goodreads.com/book/show/3777732-city-of-glass,Goodreads Popular by Year
2009,9,ACE #1,https://www.goodreads.com/book/show/25979603,Goodreads Popular by Year
2009,10,"Hush, Hush (Hush, Hush, #1)",https://www.goodreads.com/book/show/6339664-hush-hush,Goodreads Popular by Year
2010,1,"Mockingjay (The Hunger Games, #3)",https://www.goodreads.com/book/show/7260188-mockingjay,Goodreads Popular by Year
2010,2,"Unbroken: A World War II Story of Survival, Resilience and Redemption",https://www.goodreads.com/book/show/8664353-unbroken,Goodreads Popular by Year
2010,3,"Clockwork Angel (The Infernal Devices, #1)",https://www.goodreads.com/book/show/7171637-clockwork-angel,Goodreads Popular by Year
2010,4,The Immortal Life of Henrietta Lacks,https://www.goodreads.com/book/show/6493208-the-immortal-life-of-henrietta-lacks,Goodreads Popular by Year
2010,5,"The Way of Kings (The Stormlight Archive, #1)",https://www.goodreads.com/book/show/7235533-the-way-of-kings,Goodreads Popular by Year
2010,6,"The Lost Hero (The Heroes of Olympus, #1)",https://www.goodreads.com/book/show/7736182-the-lost-hero,Goodreads Popular by Year
2010,7,Room,https://www.goodreads.com/book/show/31685789-room,Goodreads Popular by Year
2010,8,"Matched (Matched, #1)",https://www.goodreads.com/book/show/7735333-matched,Goodreads Popular by Year
2010,9,"It's Not Summer Without You (Summer, #2)",https://www.goodreads.com/book/show/6584188-it-s-not-summer-without-you,Goodreads Popular by Year
2010,10,"The Scorch Trials (The Maze Runner, #2)",https://www.goodreads.com/book/show/7631105-the-scorch-trials,Goodreads Popular by Year
2011,1,"Divergent (Divergent, #1)",https://www.goodreads.com/book/show/13335037-divergent,Goodreads Popular by Year
2011,2,The Song of Achilles,https://www.goodreads.com/book/show/13623848-the-song-of-achilles,Goodreads Popular by Year
2011,3,ISBN 9780062060624,https://www.goodreads.com/book/show/59062169-the-song-of-achilles,Goodreads Popular by Year
2011,4,"Fifty Shades of Grey (Fifty Shades, #1)",https://www.goodreads.com/book/show/10818853-fifty-shades-of-grey,Goodreads Popular by Year
2011,5,Sapiens: A Brief History of Humankind,https://www.goodreads.com/book/show/23692271-sapiens,Goodreads Popular by Year
2011,6,Steve Jobs,https://www.goodreads.com/book/show/11084145-steve-jobs,Goodreads Popular by Year
2011,7,The Night Circus,https://www.goodreads.com/book/show/9361589-the-night-circus,Goodreads Popular by Year
2011,8,"Shatter Me (Shatter Me, #1)",https://www.goodreads.com/book/show/10429045-shatter-me,Goodreads Popular by Year
2011,9,"Miss Peregrine's Home for Peculiar Children (Miss Peregrine's Peculiar Children, #1)",https://www.goodreads.com/book/show/9460487-miss-peregrine-s-home-for-peculiar-children,Goodreads Popular by Year
2011,10,The Martian,https://www.goodreads.com/book/show/18007564-the-martian,Goodreads Popular by Year
2012,1,The Fault in Our Stars,https://www.goodreads.com/book/show/25856606-the-fault-in-our-stars,Goodreads Popular by Year
2012,2,Gone Girl,https://www.goodreads.com/book/show/19288043-gone-girl,Goodreads Popular by Year
2012,3,"Throne of Glass (Throne of Glass, #1)",https://www.goodreads.com/book/show/76703559-throne-of-glass,Goodreads Popular by Year
2012,4,"Me Before You (Me Before You, #1)",https://www.goodreads.com/book/show/17347634-me-before-you,Goodreads Popular by Year
2012,5,"The Selection (The Selection, #1)",https://www.goodreads.com/book/show/10507293-the-selection,Goodreads Popular by Year
2012,6,"Insurgent (Divergent, #2)",https://www.goodreads.com/book/show/11735983-insurgent,Goodreads Popular by Year
2012,7,"Shadow and Bone (Shadow and Bone, #1)",https://www.goodreads.com/book/show/37834723-shadow-and-bone,Goodreads Popular by Year
2012,8,ISBN13: 9780805094596,https://www.goodreads.com/book/show/10194157.ISBN13__9780805094596,Goodreads Popular by Year
2012,9,Eleanor & Park,https://www.goodreads.com/book/show/15745753-eleanor-park,Goodreads Popular by Year
2012,10,A Man Called Ove,https://www.goodreads.com/book/show/18774964-a-man-called-ove,Goodreads Popular by Year
2013,1,"Crown of Midnight (Throne of Glass, #2)",https://www.goodreads.com/book/show/76705490-crown-of-midnight,Goodreads Popular by Year
2013,2,The Goldfinch,https://www.goodreads.com/book/show/17333223-the-goldfinch,Goodreads Popular by Year
2013,3,"Allegiant (Divergent, #3)",https://www.goodreads.com/book/show/18710190-allegiant,Goodreads Popular by Year
2013,4,Fangirl,https://www.goodreads.com/book/show/16068905-fangirl,Goodreads Popular by Year
2013,5,"The Elite (The Selection, #2)",https://www.goodreads.com/book/show/16248068-the-elite,Goodreads Popular by Year
2013,6,"Unravel Me (Shatter Me, #2)",https://www.goodreads.com/book/show/13104080-unravel-me,Goodreads Popular by Year
2013,7,The Ocean at the End of the Lane,https://www.goodreads.com/book/show/18505792-the-ocean-at-the-end-of-the-lane,Goodreads Popular by Year
2013,8,"If He Had Been With Me (If He Had Been with Me, #1)",https://www.goodreads.com/book/show/15835031-if-he-had-been-with-me,Goodreads Popular by Year
2013,9,The Husband's Secret,https://www.goodreads.com/book/show/17802724-the-husband-s-secret,Goodreads Popular by Year
2013,10,"Siege and Storm (The Shadow and Bone Trilogy, #2)",https://www.goodreads.com/book/show/14061955-siege-and-storm,Goodreads Popular by Year
2014,1,All the Light We Cannot See,https://www.goodreads.com/book/show/18143977-all-the-light-we-cannot-see,Goodreads Popular by Year
2014,2,Ugly Love,https://www.goodreads.com/book/show/17788401-ugly-love,Goodreads Popular by Year
2014,3,We Were Liars,https://www.goodreads.com/book/show/16143347-we-were-liars,Goodreads Popular by Year
2014,4,"Heir of Fire (Throne of Glass, #3)",https://www.goodreads.com/book/show/76706470-heir-of-fire,Goodreads Popular by Year
2014,5,"Red Rising (Red Rising Saga, #1)",https://www.goodreads.com/book/show/15839976-red-rising,Goodreads Popular by Year
2014,6,"The Assassin's Blade (Throne of Glass, #0.1-0.5)",https://www.goodreads.com/book/show/126062562-the-assassin-s-blade,Goodreads Popular by Year
2014,7,"Big Little Lies (Big Little Lies, #1)",https://www.goodreads.com/book/show/33516773-big-little-lies,Goodreads Popular by Year
2014,8,"To All the Boys I've Loved Before (To All the Boys I've Loved Before, #1)",https://www.goodreads.com/book/show/15749186-to-all-the-boys-i-ve-loved-before,Goodreads Popular by Year
2014,9,Milk and honey,https://www.goodreads.com/book/show/23513349-milk-and-honey,Goodreads Popular by Year
2014,10,"Archer's Voice (Pelion Lake, #1)",https://www.goodreads.com/book/show/32822135-archer-s-voice,Goodreads Popular by Year
2015,1,"A Court of Thorns and Roses (A Court of Thorns and Roses, #1)",https://www.goodreads.com/book/show/50659467-a-court-of-thorns-and-roses,Goodreads Popular by Year
2015,2,The Girl on the Train,https://www.goodreads.com/book/show/22557272-the-girl-on-the-train,Goodreads Popular by Year
2015,3,The Nightingale,https://www.goodreads.com/book/show/21853621-the-nightingale,Goodreads Popular by Year
2015,4,"Six of Crows (Six of Crows, #1)",https://www.goodreads.com/book/show/23437156-six-of-crows,Goodreads Popular by Year
2015,5,A Little Life,https://www.goodreads.com/book/show/22822858-a-little-life,Goodreads Popular by Year
2015,6,"Red Queen (Red Queen, #1)",https://www.goodreads.com/book/show/22328546-red-queen,Goodreads Popular by Year
2015,7,"Queen of Shadows (Throne of Glass, #4)",https://www.goodreads.com/book/show/123004944-queen-of-shadows,Goodreads Popular by Year
2015,8,November 9,https://www.goodreads.com/book/show/25111004-november-9,Goodreads Popular by Year
2015,9,"The Deal (Off-Campus, #1)",https://www.goodreads.com/book/show/45484397-the-deal,Goodreads Popular by Year
2015,10,Pretty Girls,https://www.goodreads.com/book/show/25574782-pretty-girls,Goodreads Popular by Year
2016,1,"It Ends with Us (It Ends with Us, #1)",https://www.goodreads.com/book/show/62627512-it-ends-with-us,Goodreads Popular by Year
2016,2,"A Court of Mist and Fury (A Court of Thorns and Roses, #2)",https://www.goodreads.com/book/show/50659468-a-court-of-mist-and-fury,Goodreads Popular by Year
2016,3,The Subtle Art of Not Giving a F*ck: A Counterintuitive Approach to Living a Good Life,https://www.goodreads.com/book/show/28257707-the-subtle-art-of-not-giving-a-f-ck,Goodreads Popular by Year
2016,4,"Empire of Storms (Throne of Glass, #5)",https://www.goodreads.com/book/show/76713323-empire-of-storms,Goodreads Popular by Year
2016,5,"Caraval (Caraval, #1)",https://www.goodreads.com/book/show/27883214-caraval,Goodreads Popular by Year
2016,6,"Harry Potter and the Cursed Child: Parts One and Two (Harry Potter, #8)",https://www.goodreads.com/book/show/29056083-harry-potter-and-the-cursed-child,Goodreads Popular by Year
2016,7,The Hating Game,https://www.goodreads.com/book/show/27213238-the-hating-game,Goodreads Popular by Year
2016,8,When Breath Becomes Air,https://www.goodreads.com/book/show/25899336-when-breath-becomes-air,Goodreads Popular by Year
2016,9,Dark Matter,https://www.goodreads.com/book/show/27833670-dark-matter,Goodreads Popular by Year
2016,10,A Gentleman in Moscow,https://www.goodreads.com/book/show/34066798-a-gentleman-in-moscow,Goodreads Popular by Year
2017,1,The Seven Husbands of Evelyn Hugo,https://www.goodreads.com/book/show/32620332-the-seven-husbands-of-evelyn-hugo,Goodreads Popular by Year
2017,2,"A Court of Wings and Ruin (A Court of Thorns and Roses, #3)",https://www.goodreads.com/book/show/50659472-a-court-of-wings-and-ruin,Goodreads Popular by Year
2017,3,Little Fires Everywhere,https://www.goodreads.com/book/show/34273236-little-fires-everywhere,Goodreads Popular by Year
2017,4,Eleanor Oliphant Is Completely Fine,https://www.goodreads.com/book/show/35900387-eleanor-oliphant-is-completely-fine,Goodreads Popular by Year
2017,5,The Hate U Give,https://www.goodreads.com/book/show/58651625-the-hate-u-give,Goodreads Popular by Year
2017,6,"One of Us Is Lying (One of Us is Lying, #1)",https://www.goodreads.com/book/show/58679358-one-of-us-is-lying,Goodreads Popular by Year
2017,7,Then She Was Gone,https://www.goodreads.com/book/show/35297426-then-she-was-gone,Goodreads Popular by Year
2017,8,"Tower of Dawn (Throne of Glass, #6)",https://www.goodreads.com/book/show/76714487-tower-of-dawn,Goodreads Popular by Year
2017,9,"They Both Die at the End (They Both Die at the End, #1)",https://www.goodreads.com/book/show/33385229-they-both-die-at-the-end,Goodreads Popular by Year
2017,10,Pachinko,https://www.goodreads.com/book/show/34051011-pachinko,Goodreads Popular by Year
2018,1,Verity,https://www.goodreads.com/book/show/59344312-verity,Goodreads Popular by Year
2018,2,Where the Crawdads Sing,https://www.goodreads.com/book/show/36809135-where-the-crawdads-sing,Goodreads Popular by Year
2018,3,"The Cruel Prince (The Folk of the Air, #1)",https://www.goodreads.com/book/show/26032825-the-cruel-prince,Goodreads Popular by Year
2018,4,"A Court of Frost and Starlight (A Court of Thorns and Roses, #4)",https://www.goodreads.com/book/show/50659471-a-court-of-frost-and-starlight,Goodreads Popular by Year
2018,5,Educated,https://www.goodreads.com/book/show/35133922-educated,Goodreads Popular by Year
2018,6,Normal People,https://www.goodreads.com/book/show/41057294-normal-people,Goodreads Popular by Year
2018,7,Atomic Habits: An Easy & Proven Way to Build Good Habits & Break Bad Ones,https://www.goodreads.com/book/show/40121378-atomic-habits,Goodreads Popular by Year
2018,8,Circe,https://www.goodreads.com/book/show/35959740-circe,Goodreads Popular by Year
2018,9,The Great Alone,https://www.goodreads.com/book/show/34912895-the-great-alone,Goodreads Popular by Year
2018,10,Becoming,https://www.goodreads.com/book/show/38746485-becoming,Goodreads Popular by Year
2019,1,The Silent Patient,https://www.goodreads.com/book/show/40097951-the-silent-patient,Goodreads Popular by Year
2019,2,"A Good Girl's Guide to Murder (A Good Girl's Guide to Murder, #1)",https://www.goodreads.com/book/show/40916679-a-good-girl-s-guide-to-murder,Goodreads Popular by Year
2019,3,Daisy Jones & The Six,https://www.goodreads.com/book/show/40597810-daisy-jones-the-six,Goodreads Popular by Year
2019,4,"Red, White & Royal Blue (Red, White & Royal Blue, #1)",https://www.goodreads.com/book/show/41150487-red-white-royal-blue,Goodreads Popular by Year
2019,5,"The Unhoneymooners (Unhoneymooners, #1)",https://www.goodreads.com/book/show/42201431-the-unhoneymooners,Goodreads Popular by Year
2019,6,Regretting You,https://www.goodreads.com/book/show/44582454-regretting-you,Goodreads Popular by Year
2019,7,"The Wicked King (The Folk of the Air, #2)",https://www.goodreads.com/book/show/26032887-the-wicked-king,Goodreads Popular by Year
2019,8,Anxious People,https://www.goodreads.com/book/show/49127718-anxious-people,Goodreads Popular by Year
2019,9,"The Queen of Nothing (The Folk of the Air, #3)",https://www.goodreads.com/book/show/26032912-the-queen-of-nothing,Goodreads Popular by Year
2019,10,The Last Letter,https://www.goodreads.com/book/show/40045986-the-last-letter,Goodreads Popular by Year
2020,1,"The Midnight Library (The Midnight World, #1)",https://www.goodreads.com/book/show/52578297-the-midnight-library,Goodreads Popular by Year
2020,2,The Invisible Life of Addie LaRue,https://www.goodreads.com/book/show/50623864-the-invisible-life-of-addie-larue,Goodreads Popular by Year
2020,3,Beach Read,https://www.goodreads.com/book/show/52867387-beach-read,Goodreads Popular by Year
2020,4,The Guest List,https://www.goodreads.com/book/show/52656911-the-guest-list,Goodreads Popular by Year
2020,5,"House of Earth and Blood (Crescent City, #1)",https://www.goodreads.com/book/show/44778083-house-of-earth-and-blood,Goodreads Popular by Year
2020,6,"The House in the Cerulean Sea (Cerulean Chronicles, #1)",https://www.goodreads.com/book/show/45047384-the-house-in-the-cerulean-sea,Goodreads Popular by Year
2020,7,"The Inheritance Games (The Inheritance Games, #1)",https://www.goodreads.com/book/show/52439531-the-inheritance-games,Goodreads Popular by Year
2020,8,"The Ballad of Songbirds and Snakes (The Hunger Games, #0)",https://www.goodreads.com/book/show/51901147-the-ballad-of-songbirds-and-snakes,Goodreads Popular by Year
2020,9,"From Blood and Ash (Blood and Ash, #1)",https://www.goodreads.com/book/show/52831200-from-blood-and-ash,Goodreads Popular by Year
2020,10,The Perfect Marriage,https://www.goodreads.com/book/show/223688351-the-perfect-marriage,Goodreads Popular by Year
2021,1,People We Meet on Vacation,https://www.goodreads.com/book/show/55076069-people-we-meet-on-vacation,Goodreads Popular by Year
2021,2,"A ​Court of Silver Flames (A Court of Thorns and Roses, #5)",https://www.goodreads.com/book/show/53138095-a-court-of-silver-flames,Goodreads Popular by Year
2021,3,The Love Hypothesis,https://www.goodreads.com/book/show/56732449-the-love-hypothesis,Goodreads Popular by Year
2021,4,Project Hail Mary,https://www.goodreads.com/book/show/54493401-project-hail-mary,Goodreads Popular by Year
2021,5,"Twisted Love (Twisted, #1)",https://www.goodreads.com/book/show/62057697-twisted-love,Goodreads Popular by Year
2021,6,Malibu Rising,https://www.goodreads.com/book/show/55404546-malibu-rising,Goodreads Popular by Year
2021,7,"The Last Thing He Told Me (Hannah Hall, #1)",https://www.goodreads.com/book/show/54981009-the-last-thing-he-told-me,Goodreads Popular by Year
2021,8,The Four Winds,https://www.goodreads.com/book/show/53138081-the-four-winds,Goodreads Popular by Year
2021,9,"Once Upon a Broken Heart (Once Upon a Broken Heart, #1)",https://www.goodreads.com/book/show/55987278-once-upon-a-broken-heart,Goodreads Popular by Year
2021,10,"Twisted Games (Twisted, #2)",https://www.goodreads.com/book/show/62056013-twisted-games,Goodreads Popular by Year
2022,1,"The Housemaid (The Housemaid, #1)",https://www.goodreads.com/book/show/60556912-the-housemaid,Goodreads Popular by Year
2022,2,"It Starts with Us (It Ends with Us, #2)",https://www.goodreads.com/book/show/60393672-it-starts-with-us,Goodreads Popular by Year
2022,3,Lessons in Chemistry,https://www.goodreads.com/book/show/242528917-lessons-in-chemistry,Goodreads Popular by Year
2022,4,Reminders of Him,https://www.goodreads.com/book/show/58341222-reminders-of-him,Goodreads Popular by Year
2022,5,Book Lovers,https://www.goodreads.com/book/show/58690308-book-lovers,Goodreads Popular by Year
2022,6,"Tomorrow, and Tomorrow, and Tomorrow",https://www.goodreads.com/book/show/58784475-tomorrow-and-tomorrow-and-tomorrow,Goodreads Popular by Year
2022,7,I'm Glad My Mom Died,https://www.goodreads.com/book/show/59366244-i-m-glad-my-mom-died,Goodreads Popular by Year
2022,8,Remarkably Bright Creatures,https://www.goodreads.com/book/show/58733693-remarkably-bright-creatures,Goodreads Popular by Year
2022,9,Never Lie,https://www.goodreads.com/book/show/62080187-never-lie,Goodreads Popular by Year
2022,10,"Things We Never Got Over (Knockemout, #1)",https://www.goodreads.com/book/show/60060431-things-we-never-got-over,Goodreads Popular by Year
2023,1,"Fourth Wing (The Empyrean, #1)",https://www.goodreads.com/book/show/61431922-fourth-wing,Goodreads Popular by Year
2023,2,"Iron Flame (The Empyrean, #2)",https://www.goodreads.com/book/show/90202302-iron-flame,Goodreads Popular by Year
2023,3,"The Housemaid's Secret (The Housemaid, #2)",https://www.goodreads.com/book/show/62848145-the-housemaid-s-secret,Goodreads Popular by Year
2023,4,Happy Place,https://www.goodreads.com/book/show/61718053-happy-place,Goodreads Popular by Year
2023,5,"Powerless (The Powerless Trilogy, #1)",https://www.goodreads.com/book/show/75513900-powerless,Goodreads Popular by Year
2023,6,Yellowface,https://www.goodreads.com/book/show/62047984-yellowface,Goodreads Popular by Year
2023,7,None of This Is True,https://www.goodreads.com/book/show/62334530-none-of-this-is-true,Goodreads Popular by Year
2023,8,"Divine Rivals (Letters of Enchantment, #1)",https://www.goodreads.com/book/show/60784546-divine-rivals,Goodreads Popular by Year
2023,9,"Yours Truly (Part of Your World, #2)",https://www.goodreads.com/book/show/61918816-yours-truly,Goodreads Popular by Year
2023,10,The Seven Year Slip,https://www.goodreads.com/book/show/62926938-the-seven-year-slip,Goodreads Popular by Year
2024,1,The Women,https://www.goodreads.com/book/show/127305853-the-women,Goodreads Popular by Year
2024,2,Funny Story,https://www.goodreads.com/book/show/194802722-funny-story,Goodreads Popular by Year
2024,3,The Wedding People,https://www.goodreads.com/book/show/198902277-the-wedding-people,Goodreads Popular by Year
2024,4,ISBN 9781250899576,https://www.goodreads.com/book/show/222348800-the-wedding-people,Goodreads Popular by Year
2024,5,The God of the Woods,https://www.goodreads.com/book/show/199698485-the-god-of-the-woods,Goodreads Popular by Year
2024,6,"Just for the Summer (Part of Your World, #3)",https://www.goodreads.com/book/show/195820807-just-for-the-summer,Goodreads Popular by Year
2024,7,"The Housemaid is Watching (The Housemaid, #3)",https://www.goodreads.com/book/show/199235727-the-housemaid-is-watching,Goodreads Popular by Year
2024,8,"Quicksilver (Fae & Alchemy, #1)",https://www.goodreads.com/book/show/217536270-quicksilver,Goodreads Popular by Year
2024,9,The Teacher,https://www.goodreads.com/book/show/195967140-the-teacher,Goodreads Popular by Year
2024,10,The Boyfriend,https://www.goodreads.com/book/show/208503280-the-boyfriend,Goodreads Popular by Year
